Rate,director,movieCd,movieNm
0,,20168323,염력
0,,20176104,그것만이 내 세상
0,,20178126,인시디어스4: 라스트 키
0,,20179985,코코
0,,20150976,신과함께-죄와 벌
0,,20175054,메이즈 러너: 데스 큐어
0,,20178395,12 솔져스
0,,20170590,1987
0,,20179228,마야2
0,,20179205,조선명탐정: 흡혈괴마의 비밀
0,,20178469,올 더 머니
0,,19980074,타이타닉
0,,20189901,더 포리너
0,,20178672,패딩턴 2
0,,20189761,터닝메카드W: 반다인의 비밀 특별판
0,,20170841,리틀 포레스트
0,,20170561,블랙 팬서
0,,20168250,골든슬럼버
0,,20176121,흥부: 글로 세상을 바꾼 자
0,,20078561,명탐정 코난:감벽의 관
0,,20179462,위대한 쇼맨
0,,20164844,불한당: 나쁜 놈들의 세상
0,,20177946,월요일이 사라졌다
0,,20180542,50가지 그림자: 해방
0,,20173436,셰이프 오브 워터: 사랑의 모양
0,,20189882,반딧불이 딘딘
0,,20150969,궁합
0,,20179731,나미야 잡화점의 기적
0,,20180341,레드 스패로
0,,20189861,더 포스트
0,,20189663,게이트
0,,20170402,강철비
0,,20174965,극장판 포켓몬스터 너로 정했다!
0,,20176082,몬스터 패밀리
0,,20176947,원더
0,,20174846,뽀로로 극장판 공룡섬 대모험
0,,20177479,극장판 프리파라 모두의 동경♪ 렛츠고☆프리파리
0,,20170443,스타워즈: 라스트 제다이
0,,20171909,쥬만지: 새로운 세계
0,,20177104,페르디난드
0,,20161872,너의 이름은.
0,,20173547,다운사이징
0,,20177602,"쏘아올린 불꽃, 밑에서 볼까? 옆에서 볼까?"
0,,20179286,하이큐!! 콘셉트의 싸움
0,,20178228,다키스트 아워
0,,20189525,젝스키스 에이틴
0,,20178808,주문은 토끼입니까?? ~디어 마이 시스터~
0,,20173662,리틀 뱀파이어
0,,20178230,커뮤터
0,,20168161,1급기밀
0,,20177473,비밥바룰라
0,,20178444,극장판 레이디버그: 미라클스톤의 비밀
0,,20165748,꾼
0,,20173581,기억의 밤
0,,20178581,오리엔트 특급 살인
0,,20161762,반드시 잡는다
0,,20040695,이프 온리
0,,20168221,저스티스 리그
0,,20179942,러빙 빈센트
0,,20175121,토르: 라그나로크
0,,20174622,해피 데스데이
0,,20080349,버킷 리스트:죽기전에 꼭 하고싶은것들
0,,20175223,래빗 스쿨
0,,20174073,빅 배드 폭스
0,,20170272,산상수훈
0,,20175441,채비
0,,20175903,은혼
0,,20174585,메리와 마녀의 꽃
0,,20173693,어쌔신: 더 비기닝
0,,20167904,라라랜드
0,,20175481,튤립 피버
0,,20176367,극장판 숲의 요정 페어리루 ~크리스마스의 기적: 마법의 날개~
0,,20000067,러브레터
0,,20030404,러브 액츄얼리
0,,20176022,더 크리스마스
0,,20176049,패터슨
0,,20172742,범죄도시
0,,20171024,너의 췌장을 먹고 싶어
0,,20173694,지오스톰
0,,20164424,대장 김창수
0,,20070454,원스
0,,20165450,남한산성
0,,20176767,"나는 내일, 어제의 너와 만난다"
0,,20174142,아이 캔 스피크
0,,20175208,뷰티풀 투모로우
0,,20172603,부라더
0,,20169643,침묵
0,,20173724,직쏘
0,,20173806,노 게임 노 라이프 -제로-
0,,20173612,메소드
0,,20177342,내게 남은 사랑을
0,,20174902,신서유기 : 몽키킹의 부활
0,,20171817,넛잡 2
0,,20161681,미옥
0,,20173804,배드 지니어스
0,,20173931,리빙보이 인 뉴욕
0,,20175244,극장판 파워레인저: 애니멀포스 VS 닌자포스 미래에서 온 메시지 
0,,20168754,7호실
0,,20175611,페이트 스테이 나이트 헤븐즈필 제1장 프레시지 플라워
0,,20174222,키드냅
0,,20173903,역모-반란의 시대
0,,20174778,하이큐!! 재능과 센스
0,,20175288,피터와 모글리의 크리스마스 어드벤처
0,,20175222,킹스맨: 골든 서클
0,,20172142,극장판 요괴워치: 하늘을 나는 고래와 더블세계다냥!
0,,20170364,레고 닌자고 무비
0,,20154909,살인자의 기억법
0,,20171962,킬러의 보디가드
0,,20171090,베이비 드라이버
0,,20172627,리틀 프린세스 소피아 : 신비한 섬
0,,20173945,인비저블 게스트
0,,20166132,김광석
0,,20170964,딥
0,,20171369,매직울프
0,,20168282,블레이드 러너 2049
0,,20154907,희생부활자
0,,20171312,우리의 20세기
0,,20173092,어메이징 메리
0,,20169463,다시 태어나도 우리
0,,20172942,나의 엔젤
0,,20175943,주키퍼스 와이프
0,,20158047,발레리안: 천 개 행성의 도시
0,,20172064,마더!
0,,20176761,잠깐만 회사 좀 관두고 올게
0,,20164481,유리정원
0,,20174103,배저로와 친구들: 신비한 모험
0,,20162442,청년경찰
0,,20162869,택시운전사
0,,20164174,브이아이피
0,,20179491,아토믹 블론드
0,,20151003,장산범
0,,20179407,로마의 휴일
0,,20179901,혹성탈출: 종의 전쟁
0,,20179187,공범자들
0,,20179696,그것
0,,20170268,매혹당한 사람들
0,,20171022,극장판 에그엔젤 코코밍: 푸르밍과 두근두근 코코밍 세계
0,,20171923,저수지 게임
0,,20172148,몬스터 섬의 비밀
0,,20160703,"좋아해, 너를"
0,,20177541,아메리칸 메이드
0,,20170607,몬스터 콜
0,,20170302,윈드 리버
0,,20161481,군함도
0,,20168241,잃어버린 도시 Z
0,,20173403,슈퍼배드 3
0,,20164621,덩케르크
0,,20167303,스파이더맨: 홈 커밍
0,,20178321,극장판 짱구는 못말려 : 습격!! 외계인 덩덩이
0,,20174801,내 사랑
0,,20177181,47 미터
0,,20177501,플립
0,,20175522,카3: 새로운 도전
0,,20170124,명탐정 코난:진홍의 연가
0,,20179186,이모티: 더 무비
0,,20161081,애나벨 : 인형의 주인
0,,20178762,파리로 가는 길
0,,20178641,빅풋 주니어
0,,20179085,극장판 도라에몽: 진구의 남극 꽁꽁 대모험
0,,20179226,드래곤 스펠: 마법 꽃의 비밀
0,,20170022,다크타워: 희망의 탑
0,,20165001,더 테이블
0,,20170389,극장판 위 베어 베어스: 곰 브라더스
0,,20178982,박열
0,,20166967,트랜스포머: 최후의 기사
0,,20159647,리얼
0,,20158485,옥자
0,,20166488,미이라
0,,20166384,하루
0,,20176961,지랄발광 17세
0,,20162343,악녀
0,,20178121,부니베어: 로거빅 컴백홈 프로젝트
0,,20175821,언더더씨
0,,20020186,헤드윅
0,,20174602,노무현입니다
0,,20176102,그 후
0,,20176983,킹 오브 프리즘 - 프라이드 더 히어로
0,,20176511,베를린 신드롬
0,,20179807,젝스키스 20주년 기념 하와이 영상 NEW KIES ON THE [HONOLULU]
0,,20176741,꼬마참새 리차드: 아프리카 원정대
0,,20177202,토마스와 친구들: 수수께끼 해적선과 보물찾기
0,,20081056,다크 나이트
0,,20177761,오즈: 신기한 마법가루
0,,20176562,예수는 역사다
0,,20179245,판타스틱 단편 걸작선 1
0,,20176781,내가 죽기 전에 가장 듣고 싶은 말
0,,20177701,위시 어폰
0,,20178646,송 투 송
0,,20168261,원더 우먼
0,,20169348,대립군
0,,20170982,캐리비안의 해적: 죽은 자는 말이 없다
0,,20175262,겟 아웃
0,,20174803,7번째 내가 죽던 날
0,,20162629,하이큐!! 끝과 시작
0,,20173642,너와 100번째 사랑
0,,20176141,베이블레이드 버스트 갓 : 갓 발키리의 탄생
0,,20174061,보스 베이비
0,,20174821,바다 탐험대 옥토넛 시즌4: 더 파이널
0,,20175581,파워배틀 와치카: 와치가면의 역습
0,,20160483,꿈의 제인
0,,20173833,심야식당 2
0,,20175142,극장판 쿠로코의 농구 라스트 게임
0,,20168041,용순
0,,20175423,나의 붉은고래
0,,20175662,엘르
0,,20172241,꼬마돼지 베이브의 대모험
0,,20176201,더 서클
0,,20175982,다크 하우스
0,,20040526,첫키스만 50번째
0,,20161726,임금님의 사건수첩
0,,20162871,특별시민
0,,20167542,분노의 질주: 더 익스트림
0,,20161665,스머프: 비밀의 숲
0,,20174165,극장판 또봇: 로봇군단의 습격
0,,20164721,미녀와 야수
0,,20151227,아빠는 딸
0,,20173301,"서서평, 천천히 평온하게"
0,,20164829,나는 부정한다
0,,20172541,오두막
0,,20163603,가디언즈 오브 갤럭시 VOL. 2
0,,20162722,보안관
0,,20173061,슈퍼 빼꼼: 스파이 대작전
0,,20174501,오즈의 마법사 2
0,,20170321,목소리의 형태
0,,20156708,석조저택 살인사건
0,,20163185,언노운 걸
0,,20179382,에이리언: 커버넌트
0,,20173961,킹 아서: 제왕의 검
0,,20174721,로스트 인 파리
0,,20172522,정글북
0,,20174644,길
0,,20175461,암살교실: 졸업편
0,,20162181,프리즌
0,,20163194,공각기동대 : 고스트 인 더 쉘
0,,20151230,원라인
0,,20167363,히든 피겨스
0,,20167902,보통사람
0,,20167005,데스노트: 더 뉴 월드
0,,20167364,미스 슬로운
0,,20171661,아기돼지 3형제와 매직램프
0,,20179442,밤의 해변에서 혼자
0,,20171801,극장판 암살교실 : 365일의 시간
0,,20171381,라이프
0,,20167901,어느날
0,,20161923,시간위의 집
0,,20171781,패트리어트 데이
0,,20173444,링스
0,,20162607,슈퍼 버드
0,,20040525,패션 오브 크라이스트
0,,20173690,흑집사 -북 오브 더 아틀란틱-
0,,20170741,지니어스
0,,20173601,리틀 프린세스 소피아: 엘레나와 비밀의 아발로 왕국
0,,20174023,극장판 어드벤처 타임: 비밀의 아일랜드
0,,20179662,파워레인져스: 더 비기닝
0,,20174561,더 플랜
0,,20172125,파운더
0,,20173121,콜로설
0,,20149317,가디언즈 오브 갤럭시
0,,20172641,마리안느와 마가렛
0,,20150971,해빙
0,,20161827,로건
0,,20170241,23 아이덴티티
0,,20166421,재심
0,,20161744,트롤
0,,20158799,눈길
0,,20150964,조작된 도시
0,,20165927,문라이트
0,,20166468,사일런스
0,,20166101,존 윅 - 리로드
0,,20168183,콩: 스컬 아일랜드
0,,20168750,파도가 지나간 자리
0,,20170761,걸 온 더 트레인
0,,20170509,극장판 소드 아트 온라인 -오디널 스케일-
0,,20167905,비정규직 특수요원
0,,20178942,스페이스 비트윈 어스
0,,20170221,골드
0,,20168742,아우토반
0,,20170382,개구리왕국 2
0,,20164926,분노
0,,20151228,공조
0,,20151229,더 킹
0,,20168688,레지던트 이블: 파멸의 날
0,,20165443,모아나
0,,20167324,라이언
0,,20168154,딥워터 호라이즌
0,,20167285,짱구는 못말려 극장판: 폭풍수면! 꿈꾸는 세계 대돌격
0,,20163845,터닝메카드W: 블랙미러의 부활
0,,20179281,컨택트
0,,20165822,매기스 플랜
0,,20162873,레고 배트맨 무비
0,,20154342,뚜르: 내 생애 최고의 49일
0,,20167644,발레리나
0,,20167716,트리플 엑스 리턴즈
0,,20178881,명탐정 코난: 에피소드 원-작아진 명탐정
0,,20161141,50가지 그림자: 심연
0,,20163580,그레이트 월
0,,20167362,더 큐어
0,,20161366,"그래, 가족"
0,,20167906,마이펫 오지
0,,20161723,싱글라이더
0,,20156562,루시드 드림
0,,20167922,핵소 고지
0,,20161725,마스터
0,,20163183,로그 원: 스타워즈 스토리
0,,20162025,씽
0,,20144641,판도라
0,,20162727,루돌프와 많이있어
0,,20162183,포켓몬 더 무비 XY&Z 「볼케니온 : 기계왕국의 비밀」
0,,20152371,"당신, 거기 있어줄래요"
0,,20165285,극장판 도라에몽: 신 진구의 버스 오브 재팬
0,,19890291,해리가 샐리를 만났을 때
0,,20161763,"나, 다니엘 블레이크"
0,,20163014,7년-그들이 없는 언론
0,,20161084,패신저스
0,,20150966,사랑하기 때문에
0,,20165153,눈의 여왕 3: 눈과 불의 마법대결
0,,20151181,여교사
0,,20164421,어쌔신 크리드
0,,20168381,얼라이드
0,,20168324,반지의 제왕 : 반지원정대 (확장판)
0,,20168664,반지의 제왕 : 두개의 탑 (확장판)
0,,20163186,단지 세상의 끝
0,,20168689,반지의 제왕 : 왕의 귀환 (확장판)
0,,20168366,바다 탐험대 옥토넛 시즌4: 바다 괴물 대소동
