0,1,2,3,4
해피 데스데이,164932.0,,,
저스티스 리그,116866.0,,,
범죄도시,161242.0,,,
부라더,160749.0,,,
미옥,142317.0,,,
토르: 라그나로크,134898.0,,,
7호실,155715.0,,,
침묵,153642.0,,,
러빙 빈센트,144379.0,,,
채비,162932.0,,,
너의 췌장을 먹고 싶어,159830.0,,,
꾼,152385.0,,,
남한산성,150637.0,,,
손오공,163365.0,,,
신과함께-죄와 벌,85579.0,,,
"러브, 어게인",158630.0,,,
발레리안: 천 개 행성의 도시,137970.0,,,
페이트 스테이 나이트 헤븐즈필 제1장 프레시지 플라워,169262.0,,,
무한의 주인,156463.0,,,
강철비,155665.0,,,
1987,158191.0,,,
벤자민 버튼의 시간은 거꾸로 간다,66091.0,,,
오리엔트 특급 살인,154272.0,,,
로마서 8:37,168172.0,,,
극장판 파워레인저: 애니멀포스 VS 닌자포스 미래에서 온 메시지,158576.0,,,
역모 - 반란의 시대,142210.0,,,
하이큐!! 재능과 센스,169348.0,,,
모범생,107962.0,,,
직쏘,152268.0,,,
유리정원,149517.0,,,
성판17: 남자들의 17가지 성적 판타지,168520.0,,,
미스 프레지던트,162420.0,,,
메소드,165669.0,,,
"나는 내일, 어제의 너와 만난다",157178.0,,,
반드시 잡는다,155411.0,,,
빌리 진 킹: 세기의 대결,144171.0,,,
대장 김창수,154353.0,,,
아이 캔 스피크,161850.0,,,
원스,65998.0,,,
타임 투게더,149501.0,,,
리빙보이 인 뉴욕,99093.0,,,
살인자의 기억법,137890.0,,,
기억의 밤,160399.0,,,
히트,17327.0,,,
아기와 나,154986.0,,,
배드 지니어스,163386.0,,,
배트맨 대 슈퍼맨: 저스티스의 시작,109960.0,,,
폭력의 씨앗,162151.0,,,
뉴니스,168551.0,,,
그들이 진심으로 엮을 때,159648.0,,,
지오스톰,129095.0,,,
키드냅,164986.0,,,
이프 온리,39440.0,,,
이수아,164601.0,,,
킹스맨: 골든 서클,149747.0,,,
래빗 스쿨,166008.0,,,
피터와 모글리의 크리스마스 어드벤처,169850.0,,,
어쌔신: 더 비기닝,100205.0,,,
스타워즈: 라스트 제다이,125488.0,,,
메리와 마녀의 꽃,159037.0,7.92,5.83,7.1
버닝,155263.0,7.82,7.69,6.59
딥씨 챌린지,127466.0,9.0,5.75,8.14
우리는 같은 꿈을 꾼다,159108.0,8.07,7.67,8.12
나의 노예가 되어주세요,100598.0,,,
덩케르크,146480.0,,,
아메리칸 메이드,137945.0,,,
해피뻐스데이,161834.0,,,
시크릿 레터,146372.0,,,
스쿨 오브 락,37486.0,,,
아들에게 가는 길,154183.0,,,
청년경찰,153652.0,,,
불한당: 나쁜 놈들의 세상,154112.0,,,
나의 서른에게,159716.0,,,
버킷리스트: 죽기 전에 꼭 하고 싶은 것들,69102.0,,,
은혼,154594.0,,,
쥬만지: 새로운 세계,152656.0,,,
위대한 쇼맨,106360.0,,,
페르디난드,160491.0,,,
원더,151196.0,,,
코코,151728.0,,,
너의 이름은.,150198.0,,,
다운사이징,142272.0,,,
블레이드 러너 2049,88227.0,,,
그것만이 내 세상,158180.0,,,
"쏘아올린 불꽃, 밑에서 볼까? 옆에서 볼까?",165030.0,,,
메이즈 러너: 데스 큐어,149248.0,,,
염력,153651.0,,,
더 포리너,165791.0,,,
찰스 디킨스의 비밀 서재,162210.0,,,
극장판 포켓몬스터 너로 정했다!,165722.0,,,
골든슬럼버,158112.0,,,
스타박'스 다방,141158.0,,,
조선명탐정: 흡혈괴마의 비밀,165748.0,,,
흥부,159805.0,,,
패터슨,144975.0,,,
아오 오니,160482.0,,,
뽀로로 극장판 공룡섬 대모험,169349.0,,,
22년 후의 고백,152267.0,,,
어벤져스: 인피니티 워,136315.0,,,
메이헴,165038.0,,,
돌아와요 부산항애(愛),102953.0,,,
원더풀 라이프,27414.0,,,
극장판 프리파라 모두의 동경♪ 렛츠고☆프리파리,168501.0,,,
블랙 팬서,137326.0,,,
몬스터 패밀리,163844.0,,,
리틀 포레스트,154449.0,,,
다키스트 아워,150687.0,,,
수면의 과학,44354.0,,,
1급기밀,149504.0,,,
하이큐!! 콘셉트의 싸움,171753.0,,,
리얼,137008.0,,,
쥬만지,17440.0,,,
로건,117787.0,,,
해빙,137875.0,,,
23 아이덴티티,144927.0,,,
문라이트,152684.0,,,
재심,149512.0,,,
조작된 도시,127382.0,,,
싱글라이더,146459.0,,,
공조,142384.0,,,
눈길,134772.0,,,
존 윅 - 리로드,143932.0,,,
핵소 고지,142305.0,,,
사일런스,90922.0,8.72,7.0,8.25
라라랜드,134963.0,,,
트롤,101904.0,,,
극장판 소드 아트 온라인 -오디널 스케일-,159408.0,,,
콩: 스컬 아일랜드,127397.0,,,
옥자,143435.0,,,
루시드 드림,130713.0,,,
비정규직 특수요원,152161.0,,,
더 킹,144314.0,,,
신 고질라,150689.0,,,
간츠:O,153729.0,,,
"구름의 저편, 약속의 장소",38249.0,,,
패신저스,116233.0,,,
맨체스터 바이 더 씨,137956.0,,,
컨택트,136869.0,,,
커피메이트,146450.0,,,
미녀와 야수,136872.0,,,
걸 온 더 트레인,142255.0,,,
러빙,143460.0,,,
프리즌,146517.0,,,
밀리언 달러 베이비,39809.0,,,
아메리칸 초밥왕,121672.0,,,
마스터,145162.0,,,
그레이트 월,126034.0,,,
눈발,145160.0,,,
실종: 택시 납치 사건,137904.0,,,
공각기동대 : 고스트 인 더 쉘,134838.0,,,
데스노트: 더 뉴 월드,142324.0,,,
아이히만 쇼,126044.0,,,
존 윅,123300.0,,,
특별시민,146485.0,,,
녹화중이야,143188.0,,,
라빠르망,18285.0,,,
어쌔신 크리드,118307.0,,,
쥬라기 파크: 아마존 어드벤쳐,159552.0,,,
내 이름은 꾸제트,140557.0,,,
글래디에이터: 더 토너먼트,158777.0,,,
파도가 지나간 자리,125417.0,,,
독전(가제),158178.0,,,
희생부활자,140696.0,,,
그것,154668.0,,,
창궐,160487.0,,,
뷰티풀 투모로우,169561.0,,,
잠깐만 회사 좀 관두고 올게,159741.0,,,
석조저택 살인사건,127346.0,,,
신과함께,85579.0,,,
내게 남은 사랑을,164108.0,,,
러브,139520.0,,,
당신자신과 당신의 것,151154.0,,,
마리오네트,158555.0,,,
윈드 리버,149757.0,,,
마더!,152650.0,,,
비밀은 없다,125802.0,,,
더 바,153342.0,,,
아토믹 블론드,144215.0,,,
청연,34569.0,,,
신서유기 : 몽키킹의 부활,143250.0,,,
킬러의 보디가드,152625.0,,,
브이아이피,152170.0,,,
택시운전사,146469.0,,,
로마의 휴일,155680.0,,,
공범자들,165461.0,,,
장산범,137696.0,,,
혹성탈출: 종의 전쟁,143394.0,,,
김광석,151674.0,,,
더 테이블,151117.0,,,
스파이 게임,124205.0,,,
매혹당한 사람들,154267.0,,,
애나벨: 인형의 주인,152341.0,,,
다크타워: 희망의 탑,146407.0,,,
저수지 게임,162824.0,,,
아키라,20308.0,,,
디 아더스,33062.0,,,
인비저블 게스트,159516.0,,,
레이디 맥베스,154419.0,,,
제인 도,154461.0,,,
샷 콜러,140064.0,,,
나인스 라이프,130911.0,,,
내 사랑,154437.0,,,
슈퍼배드 3,132626.0,,,
슈퍼오리: 태양을 지켜라,165021.0,,,
소나기,158181.0,,,
스페셜 포스 : 블러드 마운틴,163058.0,,,
"무현, 두 도시 이야기",152183.0,,,
극장판 에그엔젤 코코밍: 푸르밍과 두근두근 코코밍 세계,167035.0,,,
게이봉박두5 : 자유로운 연애중,167102.0,,,
수부라 게이트,146212.0,,,
잃어버린 도시 Z,70627.0,,,
"귀향, 끝나지 않은 이야기",167108.0,,,
"좋아해, 너를",144213.0,,,
명탐정 코난:진홍의 연가,159054.0,,,
군함도,146506.0,,,
베이비 드라이버,143402.0,,,
몬스터 콜,125401.0,,,
오늘의 키라군,160372.0,,,
박열,155716.0,,,
임금님의 사건수첩,144280.0,,,
가디언즈 오브 갤럭시 VOL. 2,127398.0,,,
분노의 질주: 더 익스트림,140731.0,,,
보안관,146524.0,,,
에이리언: 커버넌트,99715.0,,,
아빠는 딸,143473.0,,,
보스 베이비,129094.0,,,
"서서평, 천천히 평온하게",160135.0,,,
더 플랜,162471.0,,,
스머프: 비밀의 숲,118966.0,,,
콜로설,143499.0,,,
골드,143379.0,,,
나는 부정한다,144984.0,,,
원라인,142699.0,,,
겟 아웃,156083.0,,,
극장판 쿠로코의 농구 라스트 게임,156185.0,,,
목소리의 형태,153964.0,,,
캐리비안의 해적: 죽은 자는 말이 없다,82473.0,8.58,5.2,8.29
오두막,125447.0,,,
히든 피겨스,147092.0,,,
언노운 걸,150372.0,,,
보통사람,152331.0,,,
가디언즈 오브 갤럭시,97857.0,,,
어느날,146544.0,,,
모놀리스,159400.0,,,
파운더,137976.0,,,
슈퍼 빼꼼: 스파이 대작전,94183.0,,,
댄서,153621.0,,,
분노의 질주: 더 세븐,109905.0,,,
리틀 프린세스 소피아: 엘레나와 비밀의 아발로 왕국,161374.0,,,
밤의 해변에서 혼자,156465.0,,,
파워레인져스: 더 비기닝,143490.0,,,
극장판 또봇: 로봇군단의 습격,161847.0,,,
클로저,39723.0,,,
시간위의 집,154214.0,,,
악마는 프라다를 입는다,60484.0,,,
킹 아더 전설의 서막,161283.0,,,
"나의 사랑, 그리스",147896.0,,,
런던 프라이드,126214.0,,,
프로메테우스,85870.0,,,
월요일이 사라졌다,118955.0,,,
남영동1985,95501.0,,,
악녀,155256.0,,,
미이라,120160.0,,,
원더 우먼,125473.0,,,
노무현입니다,162173.0,,,
대립군,149221.0,,,
심야식당2,156091.0,,,
하루,152168.0,,,
트랜스포머: 최후의 기사,123630.0,,,
라이프,152633.0,,,
쇠파리,162229.0,,,
사촌여동생,159523.0,,,
용순,154508.0,,,
나의 붉은 고래,152309.0,,,
킹 오브 프리즘 프라이드 더 히어로,164290.0,,,
꿈의 제인,154980.0,,,
스파이더맨: 홈커밍,135874.0,,,
너와 100번째 사랑,156417.0,,,
우리들의 일기,159592.0,,,
나는 고양이로소이다,140653.0,,,
제네시스 : 새로운 시대의 서막,160130.0,,,
중독노래방,126961.0,,,
엘르,147067.0,,,
"컴, 투게더",152387.0,,,
어트랙션,155407.0,,,
24주,147927.0,,,
안티포르노,156004.0,,,
샤인,17970.0,,,
더 서클,143099.0,,,
바다 탐험대 옥토넛 시즌4 : 더 파이널,160964.0,,,
지랄발광 17세,149776.0,,,
매치 포인트,40932.0,,,
7번째 내가 죽던 날,144988.0,,,
작쩐,137859.0,,,
다시 태어나도 우리,154573.0,,,
이웃집 스타,155218.0,,,
분장,154984.0,,,
킹스맨 : 시크릿 에이전트,114249.0,,,
구세주: 리턴즈,162751.0,,,
극장판 요괴워치: 하늘을 나는 고래와 더블세계다냥!,156200.0,,,
우리의 20세기,143390.0,,,
레고 닌자고 무비,125439.0,,,
여배우는 오늘도,138601.0,,,
작은 엄마,166189.0,,,
해피 버스데이,149267.0,,,
초능력자 제레미,141631.0,,,
히든 아이덴티티,106069.0,,,
어메이징 메리,143469.0,,,
빌로우 허,154429.0,,,
사월의 끝,142633.0,,,
땐뽀걸즈,167107.0,,,
노 게임 노 라이프 -제로-,164968.0,,,
잇 컴스 앳 나잇,158649.0,,,
사랑은 없다,140806.0,,,
새벽의 저주: 좀비랜드,151559.0,,,
테이킹,131440.0,,,
매디슨 카운티의 다리,17255.0,,,
빅토리아 & 압둘,158640.0,,,
내 친구 정일우,160009.0,,,
변강쇠 VS 어우동,165564.0,,,
아이 앰 히스 레저,161963.0,,,
루터,37732.0,,,
배저로와 친구들: 신비한 모험,162113.0,,,
넛잡 2,121052.0,,,
내 사랑 왕가흔,140622.0,,,
터널,153973.0,,,
슬립리스: 크리미널 나이트,140257.0,,,
착한 엄마들: 서로의 아들에게 여자가 되던 날,159549.0,,,
아티스트: 다시 태어나다,137948.0,,,
왕을 참하라,160922.0,,,
더 울버린,72270.0,,,
절벽 위의 트럼펫,142262.0,,,
플립,76309.0,,,
47 미터,152616.0,,,
극장판 짱구는 못말려 : 습격!! 외계인 덩덩이,156477.0,,,
파리로 가는 길,154458.0,,,
뫼비우스,103781.0,,,
포크레인,165768.0,,,
예수는 역사다,158910.0,,,
이모티: 더 무비,158651.0,,,
그 후,162956.0,,,
슬레이트,146580.0,,,
여자들,156363.0,,,
카3: 새로운 도전,152396.0,,,
송 투 송,114268.0,,,
다크 나이트,62586.0,,,
뉴 폴리스 스토리,39479.0,,,
트레이터,123271.0,,,
예감은 틀리지 않는다,144657.0,,,
여자 보험왕 : 그녀의 영업비밀,161300.0,,,
프란츠,149012.0,,,
두 엄마,161306.0,,,
화려한 휴가,58018.0,,,
킹 아서: 제왕의 검,127374.0,,,
키즈모노가타리 III 냉혈편,158560.0,,,
로스트 인 파리,156259.0,,,
뮤지엄,155020.0,,,
마차 타고 고래고래,137946.0,,,
길,158536.0,,,
인카네이트,118965.0,,,
바람에 젖은 여자,153769.0,,,
부니베어: 브램블의 신비한 모험,144315.0,,,
위 아 엑스,146196.0,,,
무적의 청룡언월도,163098.0,,,
와룡선생 상경기,22380.0,,,
간츠: 오,153729.0,,,
마운틴맨,142697.0,,,
네루다,151870.0,,,
이터너티,154078.0,,,
해커,143992.0,,,
지니어스,114247.0,,,
흑집사 : 북 오브 더 아틀란틱,158578.0,,,
패트리어트 데이,149731.0,,,
분노,142730.0,,,
로즈,120795.0,,,
지렁이,134891.0,,,
신은 죽지 않았다 2,147054.0,,,
십계: 구원의 길,153941.0,,,
테이큰 비긴즈,140606.0,,,
공각기동대 신극장판,140804.0,,,
마인,131000.0,,,
콜리션,148390.0,,,
비스티걸스,151152.0,,,
덫,145246.0,,,
블랙 쉐도우,158691.0,,,
더 가디언즈,143937.0,,,
헤드윅,31827.0,,,
아메리칸 허니: 방황하는 별의 노래,140214.0,,,
숨바꼭질: 어둠의 속삭임,135428.0,,,
위시 어폰,154262.0,,,
내가 죽기 전에 가장 듣고 싶은 말,142634.0,,,
직지코드,154669.0,,,
고잉 인 스타일,140300.0,,,
우리를 침범하는 것들,129055.0,,,
캡틴 아메리카: 시빌 워,122527.0,,,
인시디어스4: 라스트 키,158647.0,,,
12 솔져스,168037.0,,,
패딩턴 2,146489.0,,,
올 더 머니,163842.0,,,
곤지암,172454.0,,,
추룡,159092.0,,,
타이타닉,18847.0,,,
연애담,149481.0,,,
클로버필드 패러독스,163813.0,,,
셰이프 오브 워터: 사랑의 모양,158626.0,,,
50가지 그림자: 해방,154598.0,,,
베러 와치 아웃,156532.0,,,
맨헌트,166463.0,,,
종이비행기,149629.0,,,
클로버필드 10번지,134856.0,,,
겨울왕국의 무민,163850.0,,,
더 하우스 : 악령의 집,172591.0,,,
명탐정 코난 : 감벽의 관,66725.0,,,
오직 사랑뿐,151715.0,,,
스트롱홀드: 최후의 전사,172587.0,,,
킬러의 보이프렌드,165450.0,,,
마야2,172009.0,,,
궁합,141206.0,,,
블레이드 러너,10962.0,,,
클로버필드,68537.0,,,
비밥바룰라,151254.0,,,
서버비콘,144130.0,,,
스테이션 7,165751.0,,,
쓰리 빌보드,158610.0,,,
신과함께 2,167697.0,,,
B급 며느리,162153.0,,,
라라,171768.0,,,
더 포스트,159848.0,,,
나미야 잡화점의 기적,159862.0,,,
환절기,148647.0,,,
지구: 놀라운 하루,168418.0,,,
숲속의 부부,165452.0,,,
치즈인더트랩,153620.0,,,
마셜,154296.0,,,
"아이, 토냐",154293.0,,,
게이트,172005.0,,,
퍼시픽 림: 업라이징,125494.0,,,
레지던트 이블: 파멸의 날,110333.0,,,
모아나,130849.0,,,
딥워터 호라이즌,137346.0,,,
얼라이드,149777.0,,,
라이언,134841.0,,,
트리플 엑스 리턴즈,102278.0,,,
일본 엄마,158466.0,,,
맛있는 워킹걸,158764.0,,,
50가지 그림자: 심연,144081.0,,,
뚜르: 내 생애 최고의 49일,142304.0,,,
여교사,139673.0,,,
매기스 플랜,136859.0,,,
스노든,134887.0,,,
퍼스널 쇼퍼,144221.0,,,
명탐정 코난 : 에피소드 원 - 작아진 명탐정,158849.0,,,
문영,144578.0,,,
더 큐어,143372.0,,,
사랑의 시대,146374.0,,,
짱구는 못말려 극장판: 폭풍수면! 꿈꾸는 세계 대돌격,149050.0,,,
레고 배트맨 무비,132627.0,,,
터닝메카드W: 블랙미러의 부활,155484.0,,,
사랑하기 때문에,140010.0,,,
판도라,132933.0,,,
멜라니: 인류의 마지막 희망인 소녀,144986.0,,,
블랙,68567.0,,,
닥터 스트레인지,125459.0,,,
아빠는 포르노스타,156636.0,,,
빌리 린스 롱 하프타임 워크,136849.0,,,
이탈리안 레이스,149027.0,,,
아무도 모른다,38546.0,,,
바다 탐험대 옥토넛 시즌4: 바다 괴물 대소동,158266.0,,,
발레리나,130984.0,,,
은하,138209.0,,,
쿵푸 요가,158094.0,,,
랜드 오브 마인,144100.0,,,
패션 오브 크라이스트,38197.0,0.0,0.0,8.6
"다시, 벚꽃",160944.0,9.57,6.5,9.13
미스 슬로운,142632.0,9.32,6.83,9.28
펜스,154265.0,0.0,0.0,0.0
리틀 프린세스 소피아: 신비한 섬,165514.0,8.64,0.0,8.5
리볼트,167604.0,0.0,0.0,0.0
장기왕: 가락시장 레볼루션,146530.0,9.0,4.0,7.95
"그래, 가족",151192.0,9.26,4.5,8.33
아이보이,158563.0,0.0,0.0,0.0
마이펫 오지,157500.0,8.08,0.0,8.24
미인어,127383.0,7.96,6.0,7.95
레이디버그,157564.0,6.64,0.0,6.0
마영정: 상해야인시대,102638.0,0.0,0.0,7.41
녹터널 애니멀스,143409.0,8.36,7.0,8.14
아이덴티티,36992.0,0.0,0.0,9.07
스페이스 워,158452.0,0.0,0.0,0.0
재키,144990.0,7.42,6.4,7.09
언프렌드,146361.0,7.12,0.0,5.24
가족의 재구성,158634.0,0.0,0.0,7.44
제리 맥과이어,17942.0,0.0,8.0,9.15
6 데이즈,140288.0,0.0,0.0,0.0
어 퍼펙트 데이,137963.0,8.08,6.33,7.98
시인의 사랑,158252.0,8.25,6.14,8.06
시큐리티,143463.0,0.0,0.0,5.05
삼생삼세십리도화,144216.0,0.0,0.0,6.87
특이점이 온 영화,155563.0,0.0,0.0,6.41
시티 워: 익스트림 킬러,138370.0,0.0,0.0,5.32
"나, 다니엘 블레이크",150376.0,9.28,8.4,9.25
신비한 동물사전,115642.0,8.69,7.08,8.18
베를린 신드롬,158864.0,4.8,4.5,6.01
하이큐!! 끝과 시작,140803.0,9.11,0.0,8.91
파워배틀 와치카: 와치가면의 역습,162933.0,8.49,4.0,8.42
바람의 춤꾼,162260.0,9.5,10.0,9.35
캐리비안의 해적: 낯선 조류,51443.0,0.0,6.08,8.1
애로우헤드,163014.0,0.0,0.0,0.0
워 머신,143366.0,0.0,0.0,0.0
몬스터 트럭,125469.0,0.0,0.0,0.0
애프터매스,158665.0,0.0,4.5,6.11
안해,159554.0,0.0,0.0,4.38
지금은맞고그때는틀리다,140199.0,8.43,8.45,6.46
단지 세상의 끝,137958.0,7.66,6.9,7.46
사슬-두여자의유혹,159559.0,0.0,0.0,6.0
얼라이브,144323.0,0.0,0.0,6.94
더 와처스: 비기닝,161343.0,0.0,0.0,5.32
기동순찰대,147035.0,0.0,0.0,0.0
토마스와 친구들: 수수께끼 해적선과 보물찾기,148994.0,7.88,6.0,7.83
주키퍼스 와이프,143489.0,8.58,6.0,8.37
나의 엔젤,162200.0,,,
딥,163663.0,,,
가을 우체국,162415.0,,,
투 이즈 어 패밀리,156194.0,,,
"괜찮아요, 미스터 브래드",163832.0,,,
튤립 피버,125418.0,,,
세 번째 살인,166583.0,,,
러브레터,19031.0,,,
"안녕, 나의 소울메이트",156912.0,,,
스노우맨,124263.0,,,
섹스타시,170708.0,,,
메리 크리스마스 미스터 모,149289.0,,,
무서운 꿈,170236.0,,,
정글,158623.0,,,
쥬라기 월드: 폴른 킹덤,154285.0,,,
러브 액츄얼리,36843.0,,,
스페이스 비트윈 어스,143437.0,,,
옆집소녀,161365.0,,,
콜로니아,129093.0,,,
아우토반,110379.0,,,
블리드 포 디스,130986.0,,,
나는 사랑과 시간과 죽음을 만났다,140792.0,,,
토니 에드만,150371.0,,,
패트와 매트: 뚝딱뚝딱 대소동,152491.0,,,
청불학원,158897.0,,,
오버 더 펜스 ,154540.0,,,
오즈: 신기한 마법가루,165029.0,,,
돈 슬립,161988.0,,,
암고양이들,160673.0,,,
퍼스트 킬,162823.0,,,
인셉션,52515.0,,,
인터스텔라,45290.0,,,
100미터,149048.0,,,
행복 목욕탕,154029.0,,,
나이트 라이즈,158487.0,,,
링스,137909.0,,,
원스텝,146503.0,,,
대역전,148961.0,,,
로봇 오버로드,119448.0,,,
데이라이트 엔드: 인류멸망의 날,149829.0,,,
파이널 크루: 칸우 탈출작전,158402.0,,,
드래곤: 용의 신부,154045.0,,,
오텁시 오브 제인 도,154461.0,,,
다른 길이 있다,134976.0,,,
초속5센티미터,66820.0,,,
몬스터콜,125401.0,,,
씽,144938.0,,,
돈키호테 맨 오브 라만차,130931.0,,,
더 리더: 책 읽어주는 남자,45298.0,,,
반지의 제왕: 왕의 귀환,31796.0,,,
언어의 정원,106335.0,,,
잭 리처: 네버 고 백,119412.0,,,
빌리 엘리어트,31013.0,,,
용의 치과의사,163503.0,,,
아웃도어 비긴즈,151155.0,,,
스코어: 영화음악의 모든 것,161129.0,,,
음양팔괘장: 6인의 고수,158494.0,,,
극장판 마이 리틀 포니: 이퀘스트리아 걸스,109606.0,,,
추격자: 침묵의 살인,80127.0,,,
눈의 여왕3: 눈과 불의 마법대결,156675.0,,,
로그 원: 스타워즈 스토리,136868.0,,,
"당신, 거기 있어줄래요",145292.0,,,
에곤 쉴레: 욕망이 그린 그림,154307.0,,,
미공하행동,153656.0,,,
소시민,123678.0,,,
7년-그들이 없는 언론,146526.0,,,
시간을 달리는 소녀,63513.0,,,
더 걸 온 더 트레인,142255.0,,,
서펀트: 죽음의 협곡,165529.0,,,
말괄량이 마녀 로비와 숲 속 친구들,168995.0,,,
베이워치: SOS 해상 구조대,104440.0,,,
빅풋 주니어,165025.0,,,
극장판 도라에몽:진구의 남극 꽁꽁 대모험,153279.0,,,
혹성탈출: 반격의 서막,99740.0,,,
미션 이스탄불,147835.0,,,
내일의 안녕,142330.0,,,
혹성탈출: 진화의 시작,80629.0,,,
밤섬해적단 서울불바다,160261.0,,,
애나벨,127338.0,,,
하이큐!! 승자와 패자,155963.0,,,
낮잠 공주 : 모르는 나의 이야기,159683.0,,,
컨저링,92823.0,,,
화이트 릴리,154053.0,,,
라이트 아웃,144918.0,,,
스플릿,146512.0,,,
용의자,93028.0,,,
키코리키: 황금모자의 비밀,148946.0,,,
사운드 오브 뮤직,10102.0,,,
검사외전,130903.0,,,
동창회의 목적: 더 비기닝,153423.0,,,
미션 임파서블: 로그네이션,95541.0,,,
서유기3: 월광보합 리턴즈,142323.0,,,
지워야 산다,170242.0,,,
실종2,158091.0,,,
산상수훈,164335.0,,,
빅 배드 폭스,166807.0,,,
초행,162172.0,,,
인디펜던츠 데이: 외계의 대침공,169523.0,,,
토마스와 친구들: 그레이트 레이스,148995.0,,,
푸른노을,162228.0,,,
분노의 전차군단,163126.0,,,
8 마일,35626.0,,,
커뮤터,152249.0,,,
원더 휠,167408.0,,,
극장판 레이디버그: 미라클스톤의 비밀,171727.0,,,
9/11,149287.0,,,
진주 귀걸이를 한 소녀,37937.0,,,
식스 빌로우,168479.0,,,
쿵푸몽키,171746.0,,,
포르토,136834.0,,,
새벽을 알리는 루의 노래,159833.0,,,
천화,146421.0,,,
누에치던 방,154982.0,,,
기생 : 꽃의 고백,171828.0,,,
M.F.A.,165832.0,,,
주문은 토끼입니까?? ~디어 마이 시스터~,170427.0,,,
굿타임,154295.0,,,
메이즈 러너: 스코치 트라이얼,129408.0,,,
메이즈 러너,105015.0,,,
굿바이 크리스토퍼 로빈,154225.0,,,
하우스 오브 데스,149452.0,,,
좋아하지도 않으면서,172019.0,,,
리틀 뱀파이어,144381.0,,,
피의 연대기,164104.0,,,
미션,10086.0,,,
아비정전,10546.0,,,
영원스,109972.0,,,
투 러버스 앤 베어,136889.0,,,
아기돼지 3형제와 매직램프,160720.0,,,
셧 인,137990.0,,,
개에게 처음 이름을 지어준 날,144084.0,,,
아뉴스 데이,146200.0,,,
너브,137938.0,,,
사다코 대 카야코,149283.0,,,
스와핑 하던 날,155084.0,,,
택시 3,36818.0,,,
반지의 제왕: 반지 원정대,31794.0,,,
별을 쫓는 아이:아가르타의 전설,84505.0,,,
여자전쟁: 여자의 이유,143478.0,,,
미씽: 사라진 여자,142625.0,,,
더 킹 오브 엠파이어,141447.0,,,
"내 어깨 위 고양이, 밥",154379.0,,,
형,142803.0,,,
루돌프와 많이있어,153951.0,,,
브라이트,154252.0,,,
월터의 상상은 현실이 된다,97858.0,,,
비욘드 스카이라인,80204.0,,,
더 크리스마스,168478.0,,,
고스트 스토리,158256.0,,,
도쿄 구울,165471.0,,,
일주일간 친구,148996.0,,,
두 개의 사랑,162869.0,,,
디트로이트,152689.0,,,
야경:죽음의 택시,164995.0,,,
두개의 빛: 릴루미노,171449.0,,,
침입자,170642.0,,,
더 킬링 오브 어 세이크리드 디어,152694.0,,,
누나 친구 2,161308.0,,,
이블 아이덴티티,116576.0,,,
캐리비안의 해적 - 세상의 끝에서,43679.0,,,
캐리비안의 해적 - 블랙 펄의 저주,37148.0,,,
루팡 3세: 칼리오스트로의 성,18049.0,,,
전설의 검,126282.0,,,
캐리비안의 해적 - 망자의 함,43678.0,,,
초대남,164397.0,,,
처제의유혹,163090.0,,,
시암,162970.0,,,
다크 하우스,141184.0,,,
첫 키스만 50번째,38227.0,,,
좋아하게 되는 그 순간을. ~고백실행위원회~,158502.0,,,
꼬마참새 리차드: 아프리카 원정대,160464.0,,,
파란나비효과,162150.0,,,
파리의 밤이 열리면,158571.0,,,
기프티드,143469.0,,,
꼬마돼지 베이브의 대모험,159521.0,,,
트랜스포머: 사라진 시대,100691.0,,,
플래툰,10039.0,,,
8인의 수상한 신사들,138254.0,,,
6 빌로우: 미라클 온 더 마운틴,168479.0,,,
맨 다운,130998.0,,,
패왕별희,14448.0,,,
극장판 암살교실: 365일의 시간,160750.0,,,
공각기동대,23917.0,,,
달기,20422.0,,,
매직키드 보보,159407.0,,,
맨 프럼 어스2: 홀로신,158642.0,,,
공동정범,153936.0,,,
콜로니: 인류 최후의 날,153540.0,,,
맨 프럼 어스,48690.0,,,
그녀는 거짓말을 너무 사랑해,109944.0,,,
반도에 살어리랏다,154794.0,,,
서바이벌 패밀리,159645.0,,,
탠저린,134906.0,,,
액시던트 맨,154276.0,,,
돌아온다,162419.0,,,
우리 사이의 거대한 산,164906.0,,,
스톡홀름의 마지막 연인,146394.0,,,
오버드라이브,92082.0,,,
플랫라이너,152647.0,,,
HHhH,144958.0,,,
군중낙원,129052.0,,,
언더월드: 블러드 워,137887.0,,,
삼소야적검,151132.0,,,
아주 긴 변명,154536.0,,,
친구부부 : 욕망의 스와핑,157437.0,,,
2:22,163372.0,,,
멀홀랜드 드라이브,33158.0,,,
리브 바이 나이트,113343.0,,,
소녀,149282.0,,,
로우,151810.0,,,
더 월,154280.0,,,
미스터 쉐프,151188.0,,,
컨저링 2,114282.0,,,
레스큐 언더 파이어,166661.0,,,
도쿄 연애사건,144188.0,,,
반지의 제왕: 두 개의 탑,31795.0,,,
교주전: 천공의 눈,163782.0,,,
갓 오브 워,164212.0,,,
필그리미지,144965.0,,,
북 오브 헨리,142638.0,,,
맥스 스틸,129002.0,,,
인시던트,130430.0,,,
걱정말아요,152591.0,,,
포켓몬 더 무비 XY&Z; 「볼케니온 : 기계왕국의 비밀」,152265.0,,,
졸업반,157493.0,,,
원피스 필름 골드,146214.0,,,
내 남편의 가정교사,158788.0,,,
가려진 시간,141259.0,,,
자백,146534.0,,,
최후의 Z,102805.0,,,
"카페, 한 사람을 기다리다",126011.0,,,
에이리언,10037.0,,,
광야의 40일,121938.0,,,
세일즈맨,149059.0,,,
더 플루: 감염자들,147415.0,,,
빈센트,132828.0,,,
"히데, 정크 스토리",153003.0,,,
라스트 로빈후드,172537.0,,,
붉은 비키니,158894.0,,,
국가의 탄생,143410.0,,,
그레이의 50가지 그림자,115303.0,,,
내 아내와 결혼해 주세요,155650.0,,,
왓 해픈드 투 먼데이?,118955.0,,,
탐하다:욕망의 섬,163089.0,,,
위자: 레저렉션,137394.0,,,
티켓 다방,159508.0,,,
유혹,158464.0,,,
몽키킹 히어로: 손오공과 요괴왕의 대결,158743.0,,,
삼국지: 명장 관우,76794.0,,,
미스테리어스 스킨,41190.0,,,
빛나는,162872.0,,,
흥부 글로 세상을 바꾼 자,159805.0,,,
레드 스패로,151744.0,,,
7년의 밤,85578.0,,,
아인,157795.0,,,
지금 만나러 갑니다,168298.0,,,
블리딩 스틸,152663.0,,,
사라진 밤,165026.0,,,
플로리다 프로젝트,164719.0,,,
신과함께-인과 연,167697.0,,,
툼레이더,158601.0,,,
반딧불이 딘딘,171767.0,,,
일진,170954.0,,,
행맨,162296.0,,,
괴물들,157011.0,,,
온리 더 브레이브,151752.0,,,
단지 그대가 여자라는 이유만으로,11485.0,,,
22년째의 고백 - 내가 살인범이다 -,152267.0,,,
강철의 연금술사,156461.0,,,
언프리티 소셜 스타,152698.0,,,
다이노소어 아일랜드,155108.0,,,
S.W.A.T.: 언더 시즈,165701.0,,,
밀정,137952.0,,,
땡큐 포 유어 서비스,149708.0,,,
서유복요편,159804.0,,,
아브릴과 조작된 세계,122917.0,,,
극장판 도라에몽:신 진구의 버스 오브 재팬,141675.0,,,
토르: 다크 월드,95873.0,,,
아더라이프,164687.0,,,
토르: 천둥의 신,69989.0,,,
풍운대전,164212.0,,,
부시위크,159154.0,,,
행성탈출: 반란의 서막,164217.0,,,
어폴로지,151282.0,,,
스타워즈: 깨어난 포스,100072.0,,,
노트르담 드 파리,165524.0,,,
디나이얼,144984.0,,,
임페리엄,142627.0,,,
모건,137968.0,,,
헤드샷,155021.0,,,
부산행,130966.0,,,
더 배드 배치,137905.0,,,
해어화,120165.0,,,
엄마친구 3,158720.0,,,
만담강호,161006.0,,,
세월호,157761.0,,,
철도비호,144254.0,,,
브림스톤,134896.0,,,
어카운턴트,134859.0,,,
목숨 건 연애,142263.0,,,
캡틴 판타스틱,127396.0,,,
매드맥스: 분노의 도로,77768.0,,,
"그 시절, 우리가 좋아했던 소녀",88669.0,,,
해리가 샐리를 만났을 때,10250.0,,,
업 포 러브,146386.0,,,
사랑은 부엉부엉,152486.0,,,
파파좀비,157033.0,,,
미스 사이공: 25주년 특별 공연,155123.0,,,
내 친구의 아내 2,156645.0,,,
번지 점프를 하다,30796.0,,,
외계 대 침공,120576.0,,,
몬스터 섬의 비밀,167103.0,,,
올 아이즈 온 미,151289.0,,,
극장판 위 베어 베어스: 곰 브라더스,166083.0,,,
완벽한 거짓말,137295.0,,,
스타쉽 트루퍼스: 트레이터 오브 마스,166481.0,,,
넬리,154424.0,,,
파리 시청 앞에서의 키스: 로베르 두아노,156238.0,,,
케이지 다이브,157198.0,,,
메건 리비,144957.0,,,
미운 오리 새끼,88226.0,,,
고양이 케디,158318.0,,,
시간 여행자의 아내,68086.0,,,
일 포스티노,17796.0,,,
더 프로미스,140722.0,,,
비치온더비치,155310.0,,,
첩보원: 독일군 잠입작전,157450.0,,,
신세계,91031.0,,,
데스 노트,101932.0,,,
클레멘타인,37886.0,,,
더 벨코 익스페리먼트,143408.0,,,
재꽃,156337.0,,,
T2: 트레인스포팅 2,151170.0,,,
샌드 캐슬,144915.0,,,
아이 엠 낫 유어 니그로,154717.0,,,
스페이스 워커,168130.0,,,
신비한 동물들과 그린델왈드의 범죄,154255.0,,,
조선명탐정 : 사라진 놉의 딸,123596.0,,,
엄마의 맛,169528.0,,,
국정교과서 516일: 끝나지 않은 역사전쟁,153298.0,,,
래디우스,165820.0,,,
수춘도 2: 수라전장,163781.0,,,
사랑과 영혼,10173.0,,,
퍼즐,161876.0,,,
미스 푸줏간,144846.0,,,
바이오해저드: 벤데타,164114.0,,,
트랜스포머,61521.0,,,
트랜스포머 3,70241.0,,,
레더페이스,151171.0,,,
페니 핀처,153994.0,,,
툼디:부러진 검의 전설,165846.0,,,
죽음의집,172008.0,,,
다정불심,20408.0,,,
아기배달부 스토크,144945.0,,,
ARQ,154491.0,,,
소림사 무림쟁패,163124.0,,,
부니베어:로거빅 컴백홈 프로젝트,164342.0,,,
닌자 어쌔신 리벤지,163031.0,,,
도묘필기: 미이라의 부활,142644.0,,,
더 킬러 : 소녀 살인,141159.0,,,
사랑과 욕망의 짐노페디,154052.0,,,
뮤지컬 쉬 러브즈 미,162816.0,,,
어메이징 스파이더맨 2,94187.0,,,
어느 독재자,130041.0,,,
복성고조,17550.0,,,
휴가,157012.0,,,
프레셔스 카고 : 프로 범죄단,147077.0,,,
시칠리아 햇빛아래,132675.0,,,
노후 대책 없다,149478.0,,,
신과함께-죄와벌,85579.0,,,
바이러스,125480.0,,,
엘리자의 내일,150378.0,,,
도살장,158869.0,,,
소림사 무림탐정-취의전장,155104.0,,,
원더우먼 스토리,154234.0,,,
24 아워즈 투 라이브,169652.0,,,
아기돼지 3형제와 쿵푸랜드,171754.0,,,
프로젝트 메자,170697.0,,,
킹덤 오브 글래디에이터,126285.0,,,
소드 마스터: 절대 강호의 죽음,151132.0,,,
그물,149174.0,,,
인페르노,129461.0,,,
어 워: 라스트 미션,144929.0,,,
라스트 데이즈 인 더 데저트,121938.0,,,
바이스: 범죄도시,122493.0,,,
하이 스트렁,147660.0,,,
스카이라인,76581.0,,,
골든 타임,130960.0,,,
베이블레이드 버스트 갓 : 갓 발키리의 탄생,163027.0,,,
속사정,161317.0,,,
신몽키킹: 여인천국,168165.0,,,
조폭의 법칙2,164374.0,,,
베테랑,115977.0,,,
무림강호: 영웅불패의 신화,157483.0,,,
간츠,76708.0,,,
쇼콜라,144849.0,,,
보케,159305.0,,,
두처제2,170644.0,,,
더 탱크,165589.0,,,
원정여행,165559.0,,,
바보계획,137859.0,,,
"로만 J 이스라엘, 에스콰이어",162238.0,,,
나쁜 남자,32681.0,,,
400 데이즈,144433.0,,,
섹스돌,158738.0,,,
더 쉐도우 이펙트,158691.0,,,
사랑받지 못한 여자,158748.0,,,
닌자의 나라,159820.0,,,
더 리투얼,167061.0,,,
조선명탐정: 각시투구꽃의 비밀,76080.0,,,
어라우저: 각성자들,164368.0,,,
,76080.0,,,
어라우저: 각성자들,164368.0,,,
